{
    "data": [
        {
            "date": "2021-09-05",
            "department": "LSI",
            "count": 3
        },
        {
            "date": "2021-09-06",
            "department": "MEM",
            "count": 3
        },
        {
            "date": "2021-09-09",
            "department": "LSI",
            "count": 1
        },
        {
            "date": "2021-09-10",
            "department": "MEM",
            "count": 6
        },
        {
            "date": "2021-09-10",
            "department": "LSI",
            "count": 2
        },
        {
            "date": "2021-09-14",
            "department": "LSI",
            "count": 13
        },
        {
            "date": "2021-09-15",
            "department": "MEM",
            "count": 5
        }
    ]
}
